IMD0017;IMD0018;IMD0019;IMD0020;
ADM0065;IMD0510;IMD0038;IMD0029;IMD0030;
IMD0024;IMD0039;IMD0040;IMD0411;IMD0404;IMD0423;
IMD0405;IMD0012;IMD0027;IMD0034;
IMD0523;IMD0725;IMD0028;
IMD0034;IMD0012;IMD0024;IMD0028;
IMD0030;ADM0065;IMD0029;IMD0423;
IMD0017;IMD0018;IMD0019;IMD0020;
IMD0017;IMD0018;IMD0019;IMD0020;
ADM0065;IMD0510;IMD0024;IMD0029;IMD0030;
IMD0039;IMD0040;IMD0411;IMD0404;IMD0423;
IMD0405;IMD0012;IMD0027;
IMD0523;IMD0028;IMD0524;IMD0513;
IMD0017;IMD0018;IMD0019;IMD0020;
ADM0065;IMD0510;IMD0029;IMD0030;
IMD0024;IMD0039;IMD0040;IMD0411;IMD0404;IMD0423;
IMD0405;IMD0027;
IMD0523;IMD0012;IMD0028;IMD0034;
IMD0017;IMD0018;IMD0019;IMD0020;
ADM0065;IMD0510;IMD0029;IMD0030;
IMD0024;IMD0039;IMD0040;IMD0411;IMD0404;IMD0423;
IMD0405;IMD0027;
IMD0523;IMD0012;IMD0028;IMD0034;
IMD0017;IMD0018;IMD0019;IMD0020;
ADM0065;IMD0510;IMD0024;IMD0029;IMD0030;
IMD0039;IMD0040;IMD0411;IMD0404;IMD0423;
IMD0405;IMD0012;IMD0027;
IMD0523;IMD0028;IMD0524;IMD0513;
IMD0017;IMD0018;IMD0019;IMD0020;
IMD0510;IMD0029;ADM0065;IMD0030;IMD0704;
IMD0024;IMD0039;IMD0040;IMD0411;DIM0546;IMD0423;
IMD0405;IMD0027;IMD0519;
IMD0523;IMD0012;IMD0028;IMD0034;
IMD0017;IMD0018;IMD0019;IMD0020;
IMD0510;IMD0029;ADM0065;IMD0030;IMD0704;
IMD0024;IMD0039;IMD0040;IMD0411;DIM0546;IMD0423;
IMD0405;IMD0027;IMD0519;
IMD0523;IMD0012;IMD0028;IMD0034;
IMD0017;IMD0018;IMD0019;IMD0020;
ADM0065;IMD0510;IMD0038;IMD0029;IMD0030;
IMD0024;IMD0039;IMD0040;IMD0411;IMD0404;IMD0423;
IMD0405;IMD0012;IMD0027;IMD0034;
IMD0523;IMD0725;IMD0028;
IMD0017;IMD0018;IMD0019;IMD0020;
ADM0065;IMD0510;IMD0038;IMD0029;IMD0030;
IMD0024;IMD0039;IMD0040;IMD0411;IMD0404;IMD0423;
IMD0405;IMD0012;IMD0027;IMD0034;
IMD0523;IMD0725;IMD0028;
IMD0034;IMD0012;IMD0024;IMD0028;
IMD0030;ADM0065;IMD0029;IMD0423;
IMD0017;IMD0018;IMD0019;IMD0020;
IMD0017;IMD0018;IMD0019;IMD0020;
ADM0065;IMD0510;IMD0024;IMD0029;IMD0030;
IMD0039;IMD0040;IMD0411;IMD0404;IMD0423;
IMD0405;IMD0012;IMD0027;
IMD0523;IMD0028;IMD0524;IMD0513;
IMD0034;IMD0012;IMD0024;IMD0028;
IMD0030;ADM0065;IMD0029;IMD0423;
IMD0017;IMD0018;IMD0019;IMD0020;
IMD0017;IMD0018;IMD0019;IMD0020;
ADM0065;IMD0510;IMD0029;IMD0030;
IMD0024;IMD0039;IMD0040;IMD0411;IMD0404;IMD0423;
IMD0405;IMD0027;
IMD0523;IMD0012;IMD0028;IMD0034;
IMD0017;IMD0018;IMD0019;IMD0020;
ADM0065;IMD0510;IMD0024;IMD0029;IMD0030;
IMD0039;IMD0040;IMD0411;IMD0404;IMD0423;
IMD0405;IMD0012;IMD0027;
IMD0523;IMD0028;IMD0524;IMD0513;
IMD0017;IMD0018;IMD0019;IMD0020;
ADM0065;IMD0510;IMD0029;IMD0030;
IMD0024;IMD0039;IMD0040;IMD0411;IMD0404;IMD0423;
IMD0405;IMD0027;
IMD0523;IMD0012;IMD0028;IMD0034;
IMD0017;IMD0018;IMD0019;IMD0020;
IMD0510;IMD0029;ADM0065;IMD0030;IMD0704;
IMD0024;IMD0039;IMD0040;IMD0411;DIM0546;IMD0423;
IMD0405;IMD0027;IMD0519;
IMD0523;IMD0012;IMD0028;IMD0034;
IMD0017;IMD0018;IMD0019;IMD0020;
ADM0065;IMD0510;IMD0038;IMD0029;IMD0030;
IMD0024;IMD0039;IMD0040;IMD0411;IMD0404;IMD0423;
IMD0405;IMD0012;IMD0027;IMD0034;
IMD0523;IMD0725;IMD0028;
IMD0017;IMD0018;IMD0019;IMD0020;
IMD0510;IMD0029;ADM0065;IMD0030;IMD0704;
IMD0024;IMD0039;IMD0040;IMD0411;DIM0546;IMD0423;
IMD0405;IMD0027;IMD0519;
IMD0523;IMD0012;IMD0028;IMD0034;
IMD0034;IMD0012;IMD0024;IMD0028;
IMD0030;ADM0065;IMD0029;IMD0423;
IMD0017;IMD0018;IMD0019;IMD0020;
IMD0017;IMD0018;IMD0019;IMD0020;
ADM0065;IMD0510;IMD0024;IMD0029;IMD0030;
IMD0039;IMD0040;IMD0411;IMD0404;IMD0423;
IMD0405;IMD0012;IMD0027;
IMD0523;IMD0028;IMD0524;IMD0513;
IMD0017;IMD0018;IMD0019;IMD0020;
ADM0065;IMD0510;IMD0029;IMD0030;
IMD0024;IMD0039;IMD0040;IMD0411;IMD0404;IMD0423;
IMD0405;IMD0027;
IMD0523;IMD0012;IMD0028;IMD0034;
IMD0017;IMD0018;IMD0019;IMD0020;
ADM0065;IMD0510;IMD0029;IMD0030;
IMD0024;IMD0039;IMD0040;IMD0411;IMD0404;IMD0423;
IMD0405;IMD0027;
IMD0523;IMD0012;IMD0028;IMD0034;
IMD0017;IMD0018;IMD0019;IMD0020;
ADM0065;IMD0510;IMD0024;IMD0029;IMD0030;
IMD0039;IMD0040;IMD0411;IMD0404;IMD0423;
IMD0405;IMD0012;IMD0027;
IMD0523;IMD0028;IMD0524;IMD0513;
IMD0034;IMD0012;IMD0024;IMD0028;
IMD0030;ADM0065;IMD0029;IMD0423;
IMD0017;IMD0018;IMD0019;IMD0020;
IMD0017;IMD0018;IMD0019;IMD0020;
ADM0065;IMD0510;IMD0038;IMD0029;IMD0030;
IMD0024;IMD0039;IMD0040;IMD0411;IMD0404;IMD0423;
IMD0405;IMD0012;IMD0027;IMD0034;
IMD0523;IMD0725;IMD0028;
IMD0017;IMD0018;IMD0019;IMD0020;
ADM0065;IMD0510;IMD0038;IMD0029;IMD0030;
IMD0024;IMD0039;IMD0040;IMD0411;IMD0404;IMD0423;
IMD0405;IMD0012;IMD0027;IMD0034;
IMD0523;IMD0725;IMD0028;
IMD0034;IMD0012;IMD0024;IMD0028;
IMD0030;ADM0065;IMD0029;IMD0423;
IMD0017;IMD0018;IMD0019;IMD0020;
IMD0017;IMD0018;IMD0019;IMD0020;
IMD0510;IMD0029;ADM0065;IMD0030;IMD0704;
IMD0024;IMD0039;IMD0040;IMD0411;DIM0546;IMD0423;
IMD0405;IMD0027;IMD0519;
IMD0523;IMD0012;IMD0028;IMD0034;
IMD0017;IMD0018;IMD0019;IMD0020;
IMD0510;IMD0029;ADM0065;IMD0030;IMD0704;
IMD0024;IMD0039;IMD0040;IMD0411;DIM0546;IMD0423;
IMD0405;IMD0027;IMD0519;
IMD0523;IMD0012;IMD0028;IMD0034;
